geoid,geoName,year,sector,establishments,employment,wages,gdp
25000,Massachusetts,2018,Financial Activities,17528,217971,31473893669,136037200000
25000,Massachusetts,2017,Education and Health Services,62788,1002983,58070167223,67558100000
25000,Massachusetts,2017,Information,5436,97735,10698461701,32201000000
25000,Massachusetts,2020,Leisure and Hospitality,20432,266978,8163097203,18598000000
25000,Massachusetts,2019,Information,6008,99048,12138553052,32492500000
25000,Massachusetts,2016,All Industries Total,246651,3494554,235645655346,519741100000
25000,Massachusetts,2018,All Industries Total,257445,3586034,260369109877,570464200000
25000,Massachusetts,2017,Financial Activities,17293,217411,29551323140,124591000000
25000,Massachusetts,2016,Construction,20604,157542,11375265819,18442300000
25000,Massachusetts,2018,Education and Health Services,67682,1008494,59341993847,69094300000
25000,Massachusetts,2020,Education and Health Services,72562,963027,62654622089,69261500000
25000,Massachusetts,2016,Education and Health Services,58868,988316,55875433800,65360800000
25000,Massachusetts,2016,Information,5141,95143,10064514250,30388900000
25000,Massachusetts,2020,Information,6364,94828,13331078415,34520800000
25000,Massachusetts,2016,Other Services,21576,117767,4279297678,9836100000
25000,Massachusetts,2018,Other Services,21670,120707,4663622659,10771000000
25000,Massachusetts,2016,Professional and Business Services,46878,557063,54329297986,87376700000
25000,Massachusetts,2018,Professional and Business Services,47588,592650,63793193309,101518600000
25000,Massachusetts,2018,Public Administration,4288,137226,10743193869,55704800000
25000,Massachusetts,2020,Public Administration,4242,139944,11662394824,10045600000
25000,Massachusetts,2019,Manufacturing,6682,244258,21909539273,54586300000
25000,Massachusetts,2019,Other Services,22094,122129,4944044934,11435000000
25000,Massachusetts,2017,Trade Transportation and Utilities,43682,606128,31739764701,64810200000
25000,Massachusetts,2019,Financial Activities,17907,219663,32388727098,139688000000
25000,Massachusetts,2017,Leisure and Hospitality,20961,375156,10064507192,21877000000
25000,Massachusetts,2019,Leisure and Hospitality,21009,385893,11394013917,25292300000
25000,Massachusetts,2017,Public Administration,4234,136360,10379735238,53658500000
25000,Massachusetts,2016,Trade Transportation and Utilities,43690,602901,30404420819,61999000000
25000,Massachusetts,2017,Other Services,21727,118949,4414160047,10216900000
25000,Massachusetts,2017,Professional and Business Services,47359,571347,58487761087,94480500000
25000,Massachusetts,2019,Professional and Business Services,48071,611051,69413970969,109677000000
25000,Massachusetts,2019,Public Administration,4325,138403,11201685035,57442700000
25000,Massachusetts,2018,Information,5671,97744,11517113432,30486600000
25000,Massachusetts,2018,Manufacturing,6711,245091,21709210405,53819600000
25000,Massachusetts,2020,Manufacturing,6616,229741,22098781254,54617600000
25000,Massachusetts,2020,Other Services,21977,98993,4592936369,9495000000
25000,Massachusetts,2020,Professional and Business Services,48609,588927,73198281826,110307200000
25000,Massachusetts,2016,Public Administration,4134,137053,10010376442,52186600000
25000,Massachusetts,2017,All Industries Total,252762,3543382,247785000000,540949000000
25000,Massachusetts,2017,Construction,21403,153442,11588681290,19608400000
25000,Massachusetts,2016,Financial Activities,17010,216124,28073814386,121768600000
25000,Massachusetts,2019,Education and Health Services,70073,1026159,61935705049,72092600000
13000,Georgia,2016,Other Services,20084,105769,3632355986,10120900000
13000,Georgia,2016,Professional and Business Services,59644,652532,41132918007,64960400000
13000,Georgia,2018,Professional and Business Services,54789,689497,46189354833,73372200000
13000,Georgia,2016,Public Administration,3677,236635,11994519590,64331100000
13000,Georgia,2016,Trade Transportation and Utilities,66765,944612,45376341295,106606400000
13000,Georgia,2019,All Industries Total,288580,4513028,249403000000,625714000000
13000,Georgia,2018,Construction,20577,195221,11912101173,25314200000
13000,Georgia,2019,Education and Health Services,33659,954546,49104455216,47518100000
13000,Georgia,2017,Manufacturing,9747,395918,22919534155,60068900000
13000,Georgia,2016,Natural Resources and Mining,2778,30204,1197849503,4497900000
13000,Georgia,2019,Other Services,18319,113240,4294418660,11652000000
13000,Georgia,2019,Public Administration,3331,237998,13348998819,71173100000
13000,Georgia,2020,All Industries Total,309585,4307139,253619549201,622627800000
13000,Georgia,2017,Other Services,18189,107760,3823411790,10470200000
13000,Georgia,2017,Professional and Business Services,54177,670969,43433851716,68420600000
13000,Georgia,2017,Public Administration,3304,236173,12458130772,66579600000
13000,Georgia,2017,Trade Transportation and Utilities,61278,961475,46955779675,109799000000
13000,Georgia,2016,All Industries Total,298477,4262937,216027161792,538237500000
13000,Georgia,2018,All Industries Total,278739,4430135,236992417282,602023900000
13000,Georgia,2020,Financial Activities,28843,242551,22605431555,146215400000
13000,Georgia,2018,Education and Health Services,32606,937311,46578835844,44889900000
13000,Georgia,2020,Education and Health Services,35481,924893,50416444807,46255300000
13000,Georgia,2017,Natural Resources and Mining,2594,29299,1202652481,4942100000
13000,Georgia,2019,Natural Resources and Mining,2662,29910,1293842379,5044100000
13000,Georgia,2019,Professional and Business Services,56378,719432,51696084914,79534500000
13000,Georgia,2017,Construction,20135,182259,10609740857,22416000000
13000,Georgia,2019,Construction,21408,203951,12988150957,27014200000
13000,Georgia,2019,Information,5523,118820,11747453363,46525500000
13000,Georgia,2016,Manufacturing,10097,385905,21854474564,57703100000
13000,Georgia,2018,Other Services,18091,109997,3996556375,10993600000
13000,Georgia,2020,Other Services,19386,102856,4240493084,11768800000
13000,Georgia,2018,Public Administration,3235,237053,12922838639,68590000000
13000,Georgia,2020,Public Administration,3415,239682,14010353948,10824900000
13000,Georgia,2017,Financial Activities,26010,234417,19049947287,111054000000
13000,Georgia,2018,Financial Activities,26258,238291,20173429928,133487500000
13000,Georgia,2016,Education and Health Services,33250,903453,42735715487,41220600000
13000,Georgia,2018,Information,5255,116810,11107496309,44084100000
13000,Georgia,2017,Leisure and Hospitality,23601,477297,9637971256,18230200000
13000,Georgia,2018,Leisure and Hospitality,24337,488849,10097681662,20183800000
13000,Georgia,2020,Manufacturing,10649,382941,23046949675,56015900000
13000,Georgia,2020,Natural Resources and Mining,2794,29309,1347590761,4851400000
13000,Georgia,2017,All Industries Total,273852,4346453,226836000000,562121000000
13000,Georgia,2020,Construction,22906,200710,13289733164,29504300000
13000,Georgia,2019,Financial Activities,26994,242841,21069561974,137052000000
13000,Georgia,2017,Education and Health Services,32110,919220,44597658579,42578400000
13000,Georgia,2020,Information,6152,111695,11948972914,47709100000
13000,Georgia,2016,Leisure and Hospitality,24462,464922,8965498096,17437600000
23000,Maine,2017,Education and Health Services,7035,168664,7519173444,8283800000
23000,Maine,2017,Information,911,7836,397680068,1189000000
23000,Maine,2019,Information,936,7652,423380925,1271300000
23000,Maine,2017,Other Services,4036,17889,590487458,1358000000
23000,Maine,2017,Professional and Business Services,10042,67510,3741637315,6440800000
23000,Maine,2019,Professional and Business Services,10640,70738,4306238296,7378300000
23000,Maine,2019,Public Administration,1183,27139,1466444666,9112900000
23000,Maine,2018,Construction,5601,30152,1484994763,2387800000
23000,Maine,2017,Financial Activities,3859,29966,1965030082,12634700000
23000,Maine,2020,Education and Health Services,6348,163662,8488748639,9045000000
23000,Maine,2020,Information,984,6850,424418340,1194900000
23000,Maine,2016,Leisure and Hospitality,5179,67421,1363568427,3091500000
23000,Maine,2019,Manufacturing,1871,59212,3548552120,6403600000
23000,Maine,2018,Natural Resources and Mining,1373,7143,294201180,875700000
23000,Maine,2016,Public Administration,1190,27192,1303491253,8389200000
23000,Maine,2016,Financial Activities,3795,29790,1851474274,12299100000
23000,Maine,2016,Education and Health Services,6054,166413,7262733803,7992400000
23000,Maine,2018,Education and Health Services,6221,168560,7755165113,8706900000
23000,Maine,2016,Information,905,8188,404489247,1231700000
23000,Maine,2018,Information,917,7898,414989373,1229700000
23000,Maine,2016,Natural Resources and Mining,1319,6716,255715951,843300000
23000,Maine,2016,Other Services,4571,18467,578353585,1318100000
23000,Maine,2018,Other Services,3840,18129,616297966,1441600000
23000,Maine,2016,Professional and Business Services,9847,66573,3581677878,6094500000
23000,Maine,2018,Professional and Business Services,10071,70071,4018114054,6966600000
23000,Maine,2020,Professional and Business Services,11397,69789,4614439575,7493000000
23000,Maine,2018,Public Administration,1172,27014,1388998427,8691500000
23000,Maine,2020,Public Administration,1175,27782,1547279485,1410000000
23000,Maine,2018,Financial Activities,3836,30354,2058222234,13385700000
23000,Maine,2020,Financial Activities,3957,30637,2312060855,16682500000
23000,Maine,2016,Manufacturing,1842,55992,3159295879,5684200000
23000,Maine,2018,Manufacturing,1857,57555,3374395202,6178300000
23000,Maine,2020,Other Services,3838,16224,641157882,1699700000
23000,Maine,2017,Trade Transportation and Utilities,11717,125187,4616614254,10808300000
23000,Maine,2017,Construction,5629,29164,1386821856,2225600000
23000,Maine,2019,Construction,5730,30828,1585957933,2503300000
23000,Maine,2019,Education and Health Services,6229,170911,8150149790,9163200000
23000,Maine,2017,Leisure and Hospitality,5231,69323,1467743821,3305400000
23000,Maine,2017,Natural Resources and Mining,1371,6817,273485530,886700000
23000,Maine,2019,Natural Resources and Mining,1448,7281,299645075,894900000
23000,Maine,2017,Public Administration,1184,27107,1342054849,8635900000
23000,Maine,2017,All Industries Total,53934,609271,26753956609,61720100000
23000,Maine,2018,All Industries Total,52857,615271,27914742606,64557000000
23000,Maine,2016,All Industries Total,52931,603785,25718853069,59604000000
23000,Maine,2016,Construction,5590,28260,1303401090,2135100000
23000,Maine,2019,Financial Activities,3886,31022,2160916668,14043400000
23000,Maine,2017,Manufacturing,1878,56400,3278820808,5951800000
37000,North Carolina,2017,Information,5138,79950,6377384748,19676400000
37000,North Carolina,2017,Leisure and Hospitality,25307,499061,9628022010,19653400000
37000,North Carolina,2019,Leisure and Hospitality,26547,520686,10749824216,22688100000
37000,North Carolina,2019,Manufacturing,10247,477086,29147529064,101598000000
37000,North Carolina,2019,Natural Resources and Mining,3379,29828,1218839975,4515500000
37000,North Carolina,2017,All Industries Total,273334,4330606,211852000000,537889000000
37000,North Carolina,2017,Construction,26057,208662,10927996564,19827000000
37000,North Carolina,2019,Construction,27974,231739,13203080265,23341800000
37000,North Carolina,2016,Education and Health Services,30143,973191,45006826285,41232700000
37000,North Carolina,2020,Information,6396,74478,7100356594,21237600000
37000,North Carolina,2016,Natural Resources and Mining,3313,31241,1134691542,4843700000
37000,North Carolina,2018,Natural Resources and Mining,3331,30208,1180007857,4816200000
37000,North Carolina,2020,Professional and Business Services,65068,642795,46375870743,72963500000
37000,North Carolina,2016,Public Administration,2626,241895,11373228966,69409800000
37000,North Carolina,2018,Public Administration,2544,245579,12261459729,75617200000
37000,North Carolina,2017,Financial Activities,27367,227063,18840963998,106426000000
37000,North Carolina,2017,Education and Health Services,30484,988190,47161165760,42901700000
37000,North Carolina,2019,Education and Health Services,31802,1019411,51773823147,47417600000
37000,North Carolina,2017,Manufacturing,10287,467306,27275526169,97771500000
37000,North Carolina,2017,Other Services,23070,108728,3698524262,10862100000
37000,North Carolina,2019,Other Services,24504,116534,4269840350,12255000000
37000,North Carolina,2019,All Industries Total,286744,4498573,235631000000,591601000000
37000,North Carolina,2019,Financial Activities,28710,246264,22135359847,120218000000
37000,North Carolina,2020,Financial Activities,30312,252045,24505818293,126964200000
37000,North Carolina,2017,Professional and Business Services,57421,622140,38998846441,63770700000
37000,North Carolina,2018,Professional and Business Services,59123,641435,42112143051,68647600000
37000,North Carolina,2016,Trade Transportation and Utilities,62147,842751,34420836169,77289200000
37000,North Carolina,2017,Trade Transportation and Utilities,62317,855548,36028772470,80388800000
37000,North Carolina,2020,Education and Health Services,33178,984087,53017001526,45452600000
37000,North Carolina,2019,Information,5765,77037,6641905558,20636000000
37000,North Carolina,2017,Natural Resources and Mining,3307,30981,1166002358,5563000000
37000,North Carolina,2020,Other Services,26057,109017,4338973933,12399400000
37000,North Carolina,2019,Professional and Business Services,61544,654824,44379525383,72312600000
37000,North Carolina,2019,Public Administration,2579,248085,12767913816,78494400000
37000,North Carolina,2016,Information,4915,79893,6201132497,19659400000
37000,North Carolina,2018,Information,5334,81072,6742748250,20401500000
37000,North Carolina,2016,Leisure and Hospitality,24487,485833,9099601934,18787600000
37000,North Carolina,2018,Leisure and Hospitality,25932,508350,10130891457,21534800000
37000,North Carolina,2018,Manufacturing,10219,474932,28413745866,99386300000
37000,North Carolina,2020,Manufacturing,10303,452637,28643352967,96501200000
37000,North Carolina,2020,Natural Resources and Mining,3429,29560,1262800502,4098200000
37000,North Carolina,2020,Public Administration,2617,248359,13451751065,11693400000
37000,North Carolina,2016,All Industries Total,268898,4259277,201332320000,518247600000
01000,Alabama,2019,All Industries Total,129466,1989555,97168689833,228143000000
01000,Alabama,2016,Manufacturing,5286,260476,14126324910,34083100000
01000,Alabama,2016,Natural Resources and Mining,1806,17369,856279486,3779100000
01000,Alabama,2016,Other Services,9245,44990,1631608097,5192100000
01000,Alabama,2018,Other Services,10140,46916,1811706889,5666800000
01000,Alabama,2018,Construction,9901,89207,4813291374,8055400000
01000,Alabama,2020,Education and Health Services,18248,427266,22106481819,17634300000
01000,Alabama,2016,Information,1852,21533,1204965358,4709200000
01000,Alabama,2018,Manufacturing,5567,266798,15225512000,37786100000
01000,Alabama,2020,Professional and Business Services,23002,245428,15298484132,22870900000
01000,Alabama,2020,All Industries Total,132127,1909146,99675713076,226896500000
01000,Alabama,2017,Natural Resources and Mining,1815,17999,949424301,5124100000
01000,Alabama,2017,Other Services,9640,46105,1719880161,5355200000
01000,Alabama,2019,Other Services,10227,47652,1878784177,5780900000
01000,Alabama,2020,Other Services,9085,43237,1835175175,5113700000
01000,Alabama,2017,Construction,9648,85262,4453218100,7359600000
01000,Alabama,2019,Construction,10073,93619,5255826512,8618500000
01000,Alabama,2016,Leisure and Hospitality,10682,203686,3311113535,6469900000
01000,Alabama,2018,Leisure and Hospitality,11218,211978,3644415354,7125200000
01000,Alabama,2018,Natural Resources and Mining,1843,18397,1037369714,4781600000
01000,Alabama,2020,Natural Resources and Mining,1829,18051,1062685422,3183700000
01000,Alabama,2019,Professional and Business Services,22312,254088,14560879176,23028800000
01000,Alabama,2016,Trade Transportation and Utilities,33245,401462,16170439354,37366900000
01000,Alabama,2016,All Industries Total,122311,1915305,85866639650,203398400000
01000,Alabama,2018,All Industries Total,127260,1961626,93007888078,221030700000
01000,Alabama,2018,Financial Activities,13519,96416,6637326424,36683400000
01000,Alabama,2020,Financial Activities,14034,96536,7291026242,40462400000
01000,Alabama,2017,Information,2037,21620,1248414084,4876600000
01000,Alabama,2017,Manufacturing,5448,263487,14543812862,35558500000
01000,Alabama,2019,Manufacturing,5678,268948,15741980056,38400400000
01000,Alabama,2020,Public Administration,2079,126443,7630305718,5535700000
01000,Alabama,2017,Financial Activities,13244,96651,6372722481,35039900000
01000,Alabama,2016,Education and Health Services,14658,424839,19214421777,16612200000
01000,Alabama,2017,Education and Health Services,14810,429950,19929292548,17039200000
01000,Alabama,2019,Information,2375,22108,1361565716,4708900000
01000,Alabama,2020,Information,2632,20078,1363653062,4683100000
01000,Alabama,2019,Leisure and Hospitality,11404,214478,3870150188,7099900000
01000,Alabama,2016,Professional and Business Services,21085,236856,12365780409,19641700000
01000,Alabama,2017,Professional and Business Services,21551,242424,13089660512,20992000000
01000,Alabama,2016,Public Administration,2040,124051,6650091557,34487200000
01000,Alabama,2019,Public Administration,2080,125801,7263689158,38200800000
01000,Alabama,2017,All Industries Total,124882,1936820,89088710816,211666000000
01000,Alabama,2020,Construction,10338,92772,5499454454,10208600000
01000,Alabama,2019,Financial Activities,13744,96927,6846484847,37882500000
01000,Alabama,2017,Leisure and Hospitality,10970,208484,3462289029,6727100000
01000,Alabama,2020,Manufacturing,5774,258328,15599723444,35733700000
01000,Alabama,2019,Natural Resources and Mining,1846,18939,1070584983,4300800000
25000,Massachusetts,2018,Leisure and Hospitality,20908,381611,10610464214,23797900000
25000,Massachusetts,2020,Natural Resources and Mining,1000,11134,719538737,984600000
25000,Massachusetts,2020,All Industries Total,262946,3324192,278359819682,582476800000
25000,Massachusetts,2020,Construction,21453,153742,13066895955,21829400000
25000,Massachusetts,2020,Financial Activities,18161,212862,33838503977,139397000000
25000,Massachusetts,2017,Manufacturing,6850,244647,21561280657,50875500000
25000,Massachusetts,2016,Natural Resources and Mining,1124,8980,519844113,1070900000
25000,Massachusetts,2017,Natural Resources and Mining,1031,9290,569330079,1072300000
25000,Massachusetts,2019,All Industries Total,261239,3636617,274214000000,596593000000
25000,Massachusetts,2018,Construction,21469,159989,12616164529,21233300000
25000,Massachusetts,2019,Construction,21659,164439,13402882013,22247200000
25000,Massachusetts,2016,Leisure and Hospitality,20681,367812,9484284499,21254300000
25000,Massachusetts,2016,Manufacturing,6948,245759,21222630987,50056800000
25000,Massachusetts,2018,Natural Resources and Mining,986,9626,589504868,999200000
25000,Massachusetts,2019,Natural Resources and Mining,1008,10500,670352119,1020100000
28000,Mississippi,2017,Information,1163,12885,587534964,2333300000
28000,Mississippi,2018,Information,1139,12247,570824008,2330600000
28000,Mississippi,2016,Leisure and Hospitality,6314,136393,2323495769,4927800000
28000,Mississippi,2017,Leisure and Hospitality,6439,137915,2371050964,5021600000
28000,Mississippi,2020,Leisure and Hospitality,6706,120916,2237630998,4852600000
28000,Mississippi,2019,Manufacturing,2400,147251,7393587079,18682500000
28000,Mississippi,2020,Manufacturing,2379,139995,7291021578,16397000000
28000,Mississippi,2017,Natural Resources and Mining,2168,16360,747346922,2790600000
28000,Mississippi,2018,Natural Resources and Mining,2153,16234,763451813,3428200000
28000,Mississippi,2020,Other Services,4639,20155,775162107,2860800000
28000,Mississippi,2020,Professional and Business Services,12800,111804,5219979699,8269400000
28000,Mississippi,2018,Education and Health Services,8919,289381,12180052771,9797700000
28000,Mississippi,2016,Manufacturing,2460,143566,6793063120,16437100000
28000,Mississippi,2017,Other Services,4741,21345,723966040,2559500000
28000,Mississippi,2016,Professional and Business Services,11993,111702,4711423694,7812900000
28000,Mississippi,2019,Public Administration,1498,66616,2827476409,20306500000
28000,Mississippi,2019,All Industries Total,73760,1135597,46203919689,115971000000
28000,Mississippi,2016,Financial Activities,7944,43903,2185062547,16569300000
28000,Mississippi,2018,Financial Activities,8066,43798,2328302352,17035300000
28000,Mississippi,2017,Education and Health Services,8809,288804,11880994525,9531400000
28000,Mississippi,2019,Education and Health Services,8948,292124,12593502751,10124400000
28000,Mississippi,2017,Professional and Business Services,12063,111670,4742824659,7985900000
28000,Mississippi,2019,Professional and Business Services,12528,112515,4963132914,8138100000
28000,Mississippi,2016,Education and Health Services,8668,287002,11643022831,9241700000
28000,Mississippi,2016,Information,1184,13483,604622324,2393600000
28000,Mississippi,2018,Leisure and Hospitality,6526,138102,2443629596,5167800000
28000,Mississippi,2019,Leisure and Hospitality,6575,139463,2511975738,5321700000
28000,Mississippi,2018,Manufacturing,2425,145270,7175575000,18837100000
28000,Mississippi,2019,Natural Resources and Mining,2110,15777,777215011,2886500000
28000,Mississippi,2020,Natural Resources and Mining,2070,14561,735677271,2320700000
09000,Connecticut,2016,All Industries Total,116805,1666554,109775385703,262978600000
09000,Connecticut,2018,All Industries Total,120871,1673924,113395352138,279782300000
09000,Connecticut,2016,Leisure and Hospitality,10417,173031,4164447636,8536400000
09000,Connecticut,2019,All Industries Total,122995,1670704,116567000000,287822000000
09000,Connecticut,2017,Construction,9520,62188,4250181560,8031500000
09000,Connecticut,2020,Financial Activities,11261,118749,19546673148,82821700000
09000,Connecticut,2019,Education and Health Services,14001,460755,27314742898,29955800000
09000,Connecticut,2017,Natural Resources and Mining,435,5305,212307519,558300000
09000,Connecticut,2017,Other Services,16547,64373,2150722668,5065900000
09000,Connecticut,2017,All Industries Total,118613,1669616,111257000000,265535000000
09000,Connecticut,2020,Construction,9586,60718,4561204479,7539400000
09000,Connecticut,2017,Leisure and Hospitality,10539,175855,4324139370,8893400000
09000,Connecticut,2019,Leisure and Hospitality,11119,175854,4517937822,9544300000
09000,Connecticut,2019,Manufacturing,4407,162230,13800374448,29662800000
09000,Connecticut,2019,Natural Resources and Mining,439,5258,217936503,581200000
09000,Connecticut,2017,Professional and Business Services,22990,220233,19184939297,32534200000
09000,Connecticut,2019,Construction,9667,63615,4585477950,8513900000
09000,Connecticut,2018,Financial Activities,10920,124296,19259999752,85032600000
09000,Connecticut,2020,Leisure and Hospitality,11117,129419,3569488078,8249100000
09000,Connecticut,2018,Leisure and Hospitality,10871,176472,4434975808,9219900000
09000,Connecticut,2018,Manufacturing,4410,160823,13286112938,28792400000
09000,Connecticut,2020,Manufacturing,4388,154161,13527745021,30267700000
09000,Connecticut,2020,Natural Resources and Mining,469,5260,226942651,503400000
09000,Connecticut,2016,Other Services,15738,63145,2072187245,4913800000
09000,Connecticut,2016,Professional and Business Services,22659,219955,19189388537,32000200000
09000,Connecticut,2018,Professional and Business Services,23455,222740,19552416428,33376700000
09000,Connecticut,2016,Public Administration,1732,57671,4174334087,26953600000
09000,Connecticut,2018,Public Administration,1714,55262,4212148458,27838300000
09000,Connecticut,2020,Professional and Business Services,24303,208303,19893716942,32647800000
09000,Connecticut,2017,Public Administration,1726,56017,4141410885,27320300000
09000,Connecticut,2019,Public Administration,1715,55596,4269659834,28249500000
09000,Connecticut,2016,Construction,9516,63070,4177754456,7781500000
09000,Connecticut,2018,Construction,9569,62587,4348645051,8193200000
09000,Connecticut,2020,Education and Health Services,20482,444471,28163324573,29114500000
09000,Connecticut,2017,Manufacturing,4462,159198,13038779319,28962700000
09000,Connecticut,2019,Professional and Business Services,23928,220535,20276458593,34722000000
09000,Connecticut,2020,All Industries Total,124953,1545338,116390079703,276422900000
09000,Connecticut,2019,Financial Activities,11068,122503,19250269810,85421900000
09000,Connecticut,2016,Information,2119,35399,3410152232,13606800000
09000,Connecticut,2016,Natural Resources and Mining,436,5294,203527233,647600000
09000,Connecticut,2018,Natural Resources and Mining,443,5272,211155833,536200000
09000,Connecticut,2018,Other Services,17535,67002,2253125080,5391300000
09000,Connecticut,2020,Other Services,12497,48194,2030941818,4687800000
09000,Connecticut,2020,Public Administration,1708,56134,4435914225,4796200000
09000,Connecticut,2016,Financial Activities,10644,128389,19257332780,74488300000
09000,Connecticut,2017,Financial Activities,10819,126675,19272255268,73978000000
13000,Georgia,2018,Natural Resources and Mining,2630,29395,1234878865,5451000000
13000,Georgia,2020,Professional and Business Services,60758,694636,53012627379,79494900000
13000,Georgia,2016,Construction,23042,175684,9803667952,21188100000
13000,Georgia,2016,Financial Activities,28047,229988,18024612065,107168900000
13000,Georgia,2016,Information,5474,113609,10086661041,43002600000
13000,Georgia,2017,Information,5055,118632,11248490492,47561700000
13000,Georgia,2019,Leisure and Hospitality,25316,499829,10693607741,21253600000
13000,Georgia,2020,Leisure and Hospitality,26804,415347,9168834963,18429700000
13000,Georgia,2018,Manufacturing,9887,406820,24070689256,62374500000
13000,Georgia,2019,Manufacturing,10069,404088,23536606783,61607800000
23000,Maine,2020,Natural Resources and Mining,1582,7787,322563894,939300000
23000,Maine,2019,Other Services,3785,17971,635321675,1515700000
23000,Maine,2016,Trade Transportation and Utilities,11926,125463,4493861466,10524900000
23000,Maine,2019,All Industries Total,53537,621691,29336314413,67717100000
23000,Maine,2020,All Industries Total,54304,584270,30353986828,69271800000
23000,Maine,2020,Construction,5857,31220,1725464358,2392100000
23000,Maine,2018,Leisure and Hospitality,5159,70390,1557181422,3645400000
23000,Maine,2020,Manufacturing,1864,56716,3644910792,6569200000
23000,Maine,2019,Leisure and Hospitality,5245,71561,1659470111,3848600000
23000,Maine,2020,Leisure and Hospitality,5282,53345,1345231784,3116200000
24000,Maryland,2016,All Industries Total,170930,2627171,152655135759,384155800000
24000,Maryland,2017,All Industries Total,172188,2653568,158160000000,398416000000
24000,Maryland,2019,Construction,16695,166132,11263569214,19124700000
24000,Maryland,2020,Construction,16347,160039,11305443891,24452200000
24000,Maryland,2019,Financial Activities,15520,135353,13268636866,94750900000
24000,Maryland,2016,Manufacturing,3752,103586,7649142421,21157800000
24000,Maryland,2016,Other Services,19513,91205,3691251421,8758300000
24000,Maryland,2018,Professional and Business Services,42876,460340,36809006697,58361800000
24000,Maryland,2019,Professional and Business Services,44239,469251,38964975372,61507400000
24000,Maryland,2018,All Industries Total,173355,2679064,163828734277,411619100000
24000,Maryland,2017,Construction,16464,162140,10543473802,17475700000
24000,Maryland,2018,Construction,16488,163210,10767063619,18448400000
24000,Maryland,2020,Financial Activities,15700,129902,14309570398,85398700000
24000,Maryland,2017,Other Services,19523,91945,3856909992,9095600000
24000,Maryland,2016,Professional and Business Services,41574,450142,33860866970,53428000000
24000,Maryland,2017,Professional and Business Services,42242,451335,35083366316,55784100000
24000,Maryland,2017,Education and Health Services,22010,642492,35103785437,36196300000
24000,Maryland,2019,Education and Health Services,23166,660696,37606181131,38947800000
24000,Maryland,2019,Information,2930,39377,3661019710,16676900000
24000,Maryland,2019,Manufacturing,4145,112273,8871316955,24968500000
24000,Maryland,2017,Public Administration,1113,242884,19736983114,80235200000
24000,Maryland,2017,Trade Transportation and Utilities,33525,475968,21777946018,52346400000
24000,Maryland,2020,All Industries Total,174808,2512624,173067172644,410674700000
24000,Maryland,2016,Construction,16364,161014,10062146842,17108800000
24000,Maryland,2017,Leisure and Hospitality,14781,282173,6667505909,15814200000
24000,Maryland,2017,Manufacturing,3901,106864,8259439190,22798300000
24000,Maryland,2016,Natural Resources and Mining,715,6424,262412655,1135600000
24000,Maryland,2020,Natural Resources and Mining,720,7112,333462019,984300000
24000,Maryland,2019,Other Services,19378,92018,4077957168,9924000000
24000,Maryland,2018,Public Administration,1098,244279,20408803930,83590600000
24000,Maryland,2019,All Industries Total,176161,2698114,169916000000,426747000000
24000,Maryland,2016,Financial Activities,15005,140031,12424993474,86829800000
24000,Maryland,2018,Financial Activities,15285,138413,13039766335,92469100000
24000,Maryland,2016,Leisure and Hospitality,14632,274372,6204744711,14810000000
24000,Maryland,2018,Leisure and Hospitality,14819,283943,6874033300,15981300000
24000,Maryland,2018,Manufacturing,4035,109683,8593719464,24478000000
24000,Maryland,2018,Other Services,19373,92250,4002804544,9495200000
24000,Maryland,2020,Other Services,19047,78703,3809480280,7419300000
37000,North Carolina,2018,All Industries Total,278143,4410791,223872956323,567451700000
37000,North Carolina,2018,Construction,26741,220692,12046837801,21767300000
37000,North Carolina,2020,Construction,29231,229369,13573388496,25629800000
37000,North Carolina,2016,Financial Activities,26474,220703,17426699919,101967100000
37000,North Carolina,2018,Education and Health Services,30810,1002076,49288893944,45035800000
37000,North Carolina,2020,Leisure and Hospitality,27090,425493,9214159206,19473500000
37000,North Carolina,2016,Manufacturing,10265,464586,26319014651,95620200000
37000,North Carolina,2018,Other Services,23490,111376,3912005626,11415900000
37000,North Carolina,2017,Public Administration,2580,242857,11737813594,71047800000
37000,North Carolina,2020,All Industries Total,298506,4323326,243032109324,589829000000
37000,North Carolina,2016,Construction,25393,200569,10043210627,18722600000
37000,North Carolina,2018,Financial Activities,27813,233652,20401885104,115475200000
37000,North Carolina,2016,Other Services,22403,107107,3525789278,10488500000
37000,North Carolina,2016,Professional and Business Services,56733,611393,36769543952,60226800000
51000,Virginia,2016,All Industries Total,264329,3789745,207814620813,493865500000
51000,Virginia,2017,All Industries Total,270073,3838369,216880000000,510425000000
51000,Virginia,2016,Manufacturing,6342,242124,13883968228,42101500000
51000,Virginia,2017,Manufacturing,6484,243933,14345009082,43416000000
51000,Virginia,2016,Natural Resources and Mining,2057,18919,817124653,2584400000
51000,Virginia,2019,Natural Resources and Mining,2095,18691,910319177,3249000000
51000,Virginia,2018,All Industries Total,278350,3893254,226740214421,533510400000
51000,Virginia,2020,All Industries Total,282884,3743713,243935486612,549535800000
51000,Virginia,2017,Construction,21437,200576,11272835544,20240400000
51000,Virginia,2019,Construction,21643,212312,12801356754,22446000000
51000,Virginia,2019,Financial Activities,22283,199635,17591573963,109597000000
51000,Virginia,2017,Other Services,32306,144260,6105487081,12661900000
51000,Virginia,2017,Professional and Business Services,57518,738408,62453709485,96970100000
51000,Virginia,2019,Professional and Business Services,59721,775431,69704060162,108162000000
51000,Virginia,2017,Public Administration,4143,248256,19149774898,94341000000
51000,Virginia,2019,Public Administration,4299,253676,20437799495,99758600000
51000,Virginia,2017,Financial Activities,21642,193190,15891043768,98289000000
51000,Virginia,2016,Education and Health Services,46076,837912,39110295265,36487700000
51000,Virginia,2020,Education and Health Services,50816,832048,44472125578,39141800000
51000,Virginia,2019,Leisure and Hospitality,21093,425912,9319519449,18921100000
51000,Virginia,2020,Professional and Business Services,60478,764916,73086886370,107890400000
51000,Virginia,2016,Public Administration,4050,248146,18651601442,92047600000
51000,Virginia,2018,Construction,21686,205295,11911486334,21319100000
51000,Virginia,2020,Construction,21586,208887,13238875511,25062100000
51000,Virginia,2020,Financial Activities,22785,196841,19155637239,107334400000
51000,Virginia,2020,Information,5022,69501,7820023513,21216300000
51000,Virginia,2016,Other Services,27800,139634,5853237814,12355200000
51000,Virginia,2016,Professional and Business Services,57024,724263,59486109111,91915500000
51000,Virginia,2018,Professional and Business Services,59226,758957,66109317754,103113100000
51000,Virginia,2018,Public Administration,4165,250782,19811228164,96529800000
01000,Alabama,2018,Professional and Business Services,22014,248167,13867486497,21894700000
01000,Alabama,2016,Construction,9397,84105,4250189880,7190700000
01000,Alabama,2016,Financial Activities,13017,95401,6060131234,33866200000
01000,Alabama,2018,Education and Health Services,15057,435091,20548636242,17795500000
01000,Alabama,2019,Education and Health Services,16067,441765,21457129359,18617000000
01000,Alabama,2018,Information,2235,21838,1284844431,4518400000
01000,Alabama,2020,Leisure and Hospitality,11444,183449,3490082080,6890700000
01000,Alabama,2017,Public Administration,2068,124444,6812332260,35454100000
01000,Alabama,2018,Public Administration,2049,124435,6955279973,36598000000
01000,Alabama,2017,Trade Transportation and Utilities,33653,400245,16499124645,38139500000
10000,Delaware,2016,All Industries Total,31716,438238,23561790659,70379800000
10000,Delaware,2018,Construction,2878,23734,1384974779,2847900000
10000,Delaware,2019,Construction,3014,24465,1493250064,3014400000
10000,Delaware,2018,Financial Activities,2867,47671,4556612900,32907500000
10000,Delaware,2016,Manufacturing,745,25735,1541884231,3970000000
10000,Delaware,2017,Natural Resources and Mining,177,1538,60962759,570900000
10000,Delaware,2018,Natural Resources and Mining,177,1535,61377269,624700000
10000,Delaware,2017,Other Services,2003,11881,399328714,999700000
10000,Delaware,2020,Other Services,2088,10706,408279763,1086500000
10000,Delaware,2019,Professional and Business Services,9430,64126,5291777325,8751700000
10000,Delaware,2020,Professional and Business Services,9775,61953,5297135332,8601200000
10000,Delaware,2020,Construction,3113,23942,1520135569,2828100000
10000,Delaware,2016,Financial Activities,2779,47174,4147573198,32206400000
10000,Delaware,2020,Education and Health Services,5780,110009,6579658203,5930400000
10000,Delaware,2016,Information,410,4611,306784808,1351400000
10000,Delaware,2019,Leisure and Hospitality,2718,53126,1129733351,2206300000
10000,Delaware,2018,Manufacturing,661,27077,1737043196,4819000000
10000,Delaware,2019,Natural Resources and Mining,180,1471,61980801,506500000
10000,Delaware,2017,Public Administration,233,13758,789882632,6947600000
10000,Delaware,2017,All Industries Total,31963,441874,24668830510,72167200000
10000,Delaware,2018,All Industries Total,33148,447075,25399918476,74186700000
10000,Delaware,2016,Construction,2829,22497,1242583338,2530500000
10000,Delaware,2017,Construction,2784,23146,1330833690,2702400000
10000,Delaware,2019,Financial Activities,2915,48222,4698677506,34257800000
10000,Delaware,2020,Financial Activities,3013,47451,4895407072,34142200000
10000,Delaware,2019,Education and Health Services,5642,113754,6486365113,6273600000
10000,Delaware,2018,Other Services,2054,11930,408718230,1024100000
10000,Delaware,2019,Other Services,2052,12125,432068434,1083600000
10000,Delaware,2018,Professional and Business Services,8965,63686,5090711664,8392600000
10000,Delaware,2020,Public Administration,234,14197,901171220,935600000
10000,Delaware,2019,Information,498,3905,273449341,1033100000
10000,Delaware,2016,Trade Transportation and Utilities,6745,83163,3401885572,7084600000
10000,Delaware,2019,All Industries Total,34417,452777,26478078304,77082400000
10000,Delaware,2017,Education and Health Services,4882,109766,5983117085,5799100000
10000,Delaware,2017,Leisure and Hospitality,2572,50359,1007140127,1909000000
10000,Delaware,2020,Manufacturing,678,25520,1736654511,5017500000
28000,Mississippi,2018,Other Services,4659,21384,736869532,2640600000
28000,Mississippi,2019,Other Services,4603,21203,768161509,2786500000
28000,Mississippi,2019,Financial Activities,8050,43985,2398791304,17586800000
28000,Mississippi,2016,Public Administration,1454,66859,2711360038,18955300000
28000,Mississippi,2016,Trade Transportation and Utilities,20232,235676,8240573535,21376400000
28000,Mississippi,2016,All Industries Total,73174,1124854,42906872958,106890600000
28000,Mississippi,2018,All Industries Total,73797,1130786,44961734902,113578500000
28000,Mississippi,2016,Construction,5829,47623,2235132186,4168900000
28000,Mississippi,2018,Construction,5777,43984,2212453361,4294300000
28000,Mississippi,2020,Construction,5854,43959,2362884335,3808000000
28000,Mississippi,2017,Financial Activities,7961,43885,2242886111,16893100000
28000,Mississippi,2020,Education and Health Services,9088,281342,12845372946,9647100000
28000,Mississippi,2019,Information,1141,11951,559861584,2515700000
28000,Mississippi,2016,Natural Resources and Mining,2256,16897,737063363,2455100000
28000,Mississippi,2018,Professional and Business Services,12369,113807,4906651096,8060300000
28000,Mississippi,2020,Financial Activities,8087,42800,2527993800,20083200000
28000,Mississippi,2017,Public Administration,1457,66799,2749239712,19221500000
28000,Mississippi,2017,Trade Transportation and Utilities,20141,237350,8494756371,22044400000
28000,Mississippi,2017,All Industries Total,73073,1128499,43772163354,109901000000
28000,Mississippi,2017,Construction,5687,46733,2236236502,4087000000
28000,Mississippi,2019,Construction,5787,44613,2270914959,4400600000
28000,Mississippi,2020,Information,1164,10818,553685871,2227200000
28000,Mississippi,2017,Manufacturing,2446,144496,6984794013,17432900000
28000,Mississippi,2016,Other Services,4842,21491,711784085,2552400000
28000,Mississippi,2018,Public Administration,1454,66397,2764430435,19701500000
28000,Mississippi,2020,Public Administration,1510,65950,2913370952,2616700000
28000,Mississippi,2020,All Industries Total,74436,1089821,47104046906,113845700000
34000,New Jersey,2019,All Industries Total,277044,4083014,275048000000,634784000000
34000,New Jersey,2019,Financial Activities,20069,244715,28654149512,135294000000
34000,New Jersey,2016,Information,3765,74848,7716653859,26756000000
34000,New Jersey,2018,Manufacturing,8976,245593,19668917822,53106400000
34000,New Jersey,2020,Manufacturing,8964,235850,20348354310,55977400000
34000,New Jersey,2017,Natural Resources and Mining,1018,12853,479135836,1300300000
34000,New Jersey,2017,Professional and Business Services,51029,666712,58878279749,96500500000
34000,New Jersey,2019,Professional and Business Services,52182,681199,63965760373,105269000000
34000,New Jersey,2020,All Industries Total,283230,3751355,277504428016,618579300000
34000,New Jersey,2016,Professional and Business Services,51867,660940,56476686094,91975200000
34000,New Jersey,2016,Public Administration,1940,200700,13823652877,61346100000
34000,New Jersey,2019,Construction,22640,162403,12101677398,24360100000
34000,New Jersey,2017,Information,3686,72483,7715370400,27702800000
34000,New Jersey,2016,Leisure and Hospitality,23397,370027,9103615184,18981400000
34000,New Jersey,2019,Manufacturing,8994,249464,20368334944,54403700000
34000,New Jersey,2017,Other Services,25924,137043,4810123857,11558000000
34000,New Jersey,2020,Professional and Business Services,53447,646844,66301660418,103451900000
09000,Connecticut,2016,Education and Health Services,13124,455016,25161195724,26790400000
09000,Connecticut,2018,Information,2433,34575,3606779134,14619300000
09000,Connecticut,2019,Information,2678,34285,3885190956,16143300000
09000,Connecticut,2016,Trade Transportation and Utilities,25438,308165,15449833207,39551900000
09000,Connecticut,2017,Trade Transportation and Utilities,25408,308049,15589523288,39719100000
09000,Connecticut,2016,Manufacturing,4477,156719,12458423732,27707800000
09000,Connecticut,2019,Other Services,18164,66580,2321811364,5645900000
09000,Connecticut,2017,Education and Health Services,13238,456412,25668895611,27460000000
09000,Connecticut,2018,Education and Health Services,13618,457110,26312931572,28545000000
09000,Connecticut,2017,Information,2277,34502,3353417346,13012000000
09000,Connecticut,2020,Information,3008,31755,4157597953,15480900000
12000,Florida,2019,All Industries Total,717855,8884066,459670000000,1106500000000
12000,Florida,2020,All Industries Total,746409,8447957,471967577793,1106035000000
12000,Florida,2019,Construction,74752,563552,29807930657,60532100000
12000,Florida,2017,Other Services,54950,274444,9706062450,25801200000
12000,Florida,2016,All Industries Total,658096,8309351,390833644456,938370300000
12000,Florida,2018,Financial Activities,73503,573810,43187985023,244110600000
12000,Florida,2020,Information,12682,131288,12211230679,42778900000
12000,Florida,2016,Leisure and Hospitality,54893,1190128,29247963284,57772300000
12000,Florida,2018,Natural Resources and Mining,5357,72515,2514733130,8027100000
12000,Florida,2017,Public Administration,4214,447282,25634878642,109813000000
12000,Florida,2016,Trade Transportation and Utilities,141456,1764663,74989937972,181306100000
12000,Florida,2017,All Industries Total,673499,8494623,411607000000,979465000000
12000,Florida,2018,All Industries Total,690555,8700654,435852946024,1050298000000
12000,Florida,2020,Construction,76347,562019,31422809606,62577200000
12000,Florida,2016,Natural Resources and Mining,5413,79202,2491228271,7420900000
12000,Florida,2016,Other Services,54065,273299,9303606067,25124100000
12000,Florida,2016,Construction,64616,478201,22658242222,45588900000
12000,Florida,2018,Construction,70862,541099,27750435569,57067200000
12000,Florida,2018,Education and Health Services,74154,1819364,92052037867,99459300000
12000,Florida,2020,Education and Health Services,85456,1808326,99505712208,101533200000
12000,Florida,2016,Manufacturing,20271,354863,20517247478,49320200000
12000,Florida,2018,Manufacturing,20548,371590,22942010823,56065400000
12000,Florida,2018,Other Services,55708,279822,10199583828,27685000000
12000,Florida,2020,Other Services,54892,255133,10513026680,27218800000
12000,Florida,2016,Public Administration,4283,443557,24672140572,106912600000
12000,Florida,2017,Financial Activities,71707,559699,40660459496,221103000000
12000,Florida,2019,Financial Activities,76740,589124,45332922638,256831000000
12000,Florida,2017,Natural Resources and Mining,5353,76862,2518882958,7440500000
12000,Florida,2019,Natural Resources and Mining,5372,71337,2542661842,7938600000
12000,Florida,2017,Trade Transportation and Utilities,140481,1791038,78546099138,188966000000
12000,Florida,2017,Education and Health Services,72320,1786717,88044080173,94253800000
12000,Florida,2017,Information,11006,139049,11133053627,43552600000
12000,Florida,2019,Information,11769,140012,12016493183,43694000000
12000,Florida,2017,Leisure and Hospitality,55561,1215060,30529917627,60121100000
24000,Maryland,2016,Education and Health Services,21740,631605,33743693817,34986100000
24000,Maryland,2018,Education and Health Services,22596,654850,36439869514,37760000000
24000,Maryland,2018,Information,2819,39868,3490444429,15740100000
24000,Maryland,2020,Information,2939,36474,3788757578,14591600000
24000,Maryland,2020,Leisure and Hospitality,14870,212654,5668454138,13805600000
24000,Maryland,2020,Manufacturing,4168,108500,9268718047,25077000000
24000,Maryland,2016,Public Administration,1108,242340,19222908780,77952200000
24000,Maryland,2016,Trade Transportation and Utilities,33763,474565,21398198927,51067800000
24000,Maryland,2017,Information,2801,41177,3432431127,17093400000
24000,Maryland,2017,Natural Resources and Mining,723,6432,273204112,1321000000
24000,Maryland,2019,Natural Resources and Mining,723,7194,321132667,1340400000
24000,Maryland,2019,Public Administration,1112,244525,21216176076,86721300000
24000,Maryland,2017,Financial Activities,15107,140446,12752190847,90255600000
24000,Maryland,2020,Education and Health Services,23234,619314,38051376153,36854300000
24000,Maryland,2016,Information,2766,41866,3459860830,16921400000
24000,Maryland,2019,Leisure and Hospitality,15090,284666,7106357447,16621500000
24000,Maryland,2018,Natural Resources and Mining,723,6447,277877050,1198500000
24000,Maryland,2020,Professional and Business Services,44245,448649,39834411241,59536300000
24000,Maryland,2020,Public Administration,1114,245463,22617617083,8844800000
51000,Virginia,2020,Public Administration,4283,257650,21343557551,13006900000
51000,Virginia,2019,All Industries Total,280067,3938841,237119000000,556905000000
51000,Virginia,2016,Financial Activities,21264,188448,14790815850,94800000000
51000,Virginia,2018,Financial Activities,21972,195857,16803420093,104763000000
51000,Virginia,2018,Leisure and Hospitality,20831,423819,8894458392,18023200000
51000,Virginia,2020,Leisure and Hospitality,21302,336750,7777891358,16251900000
51000,Virginia,2020,Natural Resources and Mining,2073,17603,856769255,3263200000
51000,Virginia,2018,Other Services,36353,147904,6337481167,13394000000
51000,Virginia,2020,Other Services,29661,123783,6278612810,9794600000
51000,Virginia,2017,Trade Transportation and Utilities,44177,692127,29906260854,68437300000
51000,Virginia,2017,Education and Health Services,43977,846785,40668038687,37720200000
51000,Virginia,2019,Education and Health Services,51242,875063,43820842853,40788900000
51000,Virginia,2017,Information,4361,72523,6797277080,18429500000
51000,Virginia,2019,Information,4736,72838,7486472715,19607400000
51000,Virginia,2019,Manufacturing,6873,253673,15777034404,45716500000
51000,Virginia,2016,Information,4231,72692,6739988779,19261900000
51000,Virginia,2016,Leisure and Hospitality,20243,414354,8199653786,16181700000
51000,Virginia,2018,Manufacturing,6759,249936,15195364670,44847000000
51000,Virginia,2017,Natural Resources and Mining,2061,19558,867803020,3008300000
51000,Virginia,2018,Natural Resources and Mining,2101,19281,907056562,3202200000
51000,Virginia,2016,Construction,21468,197386,10538693592,19514700000
51000,Virginia,2018,Education and Health Services,44650,859399,42058698601,39321200000
51000,Virginia,2018,Information,4518,72086,6916134720,18025600000
51000,Virginia,2017,Leisure and Hospitality,20622,419955,8559090479,16911200000
51000,Virginia,2020,Manufacturing,7032,243850,15811244992,44199500000
51000,Virginia,2019,Other Services,29922,142710,6445463050,13985600000
51000,Virginia,2016,Trade Transportation and Utilities,44506,690524,29027364567,66615400000
10000,Delaware,2016,Natural Resources and Mining,174,1433,56777602,460500000
10000,Delaware,2016,Professional and Business Services,8728,61534,4520973095,7586500000
10000,Delaware,2019,Public Administration,230,13871,843357758,7881500000
10000,Delaware,2018,Information,434,4065,267413806,983200000
10000,Delaware,2020,Information,550,3622,285988620,1054300000
10000,Delaware,2020,Leisure and Hospitality,2706,41183,915599558,1885700000
10000,Delaware,2017,Trade Transportation and Utilities,6754,81773,3287184854,6858000000
10000,Delaware,2016,Education and Health Services,4507,107767,5747837530,5603600000
10000,Delaware,2018,Education and Health Services,5318,111542,6198375597,6000900000
10000,Delaware,2016,Leisure and Hospitality,2552,49530,977688652,1874600000
10000,Delaware,2018,Leisure and Hospitality,2645,51790,1057350832,2082100000
10000,Delaware,2020,Natural Resources and Mining,186,1317,57016371,440400000
10000,Delaware,2017,Professional and Business Services,8653,62237,5007081593,8298100000
10000,Delaware,2020,All Industries Total,35242,426660,26649926029,75786500000
10000,Delaware,2017,Financial Activities,2808,47957,4425094485,32611000000
10000,Delaware,2017,Information,410,4560,294966610,1258100000
10000,Delaware,2017,Manufacturing,688,25928,1618384269,4213400000
10000,Delaware,2019,Manufacturing,663,27298,1806919537,4856200000
10000,Delaware,2016,Other Services,2017,11749,391872146,967700000
10000,Delaware,2016,Public Administration,232,13963,769150908,6744000000
10000,Delaware,2018,Public Administration,228,13674,812347697,7581800000
36000,New York,2020,All Industries Total,651912,8585181,713621279260,1724759000000
36000,New York,2017,Leisure and Hospitality,66305,964508,31408410534,69716000000
36000,New York,2016,Manufacturing,17052,447496,28778574813,69844700000
36000,New York,2017,Manufacturing,17321,444186,29271797238,70870700000
36000,New York,2019,Natural Resources and Mining,3053,31787,1366573348,3946400000
36000,New York,2020,Natural Resources and Mining,3335,31214,1385422404,3589300000
36000,New York,2019,Other Services,72447,372837,16200525386,33801800000
36000,New York,2020,Other Services,70951,307173,15053610988,23821500000
36000,New York,2018,Professional and Business Services,112664,1351296,128084708340,218946000000
36000,New York,2019,Professional and Business Services,113083,1380656,137146000000,231999000000
36000,New York,2016,All Industries Total,632560,9154024,621920269628,1541524000000
36000,New York,2018,All Industries Total,638890,9432830,687657576168,1705010000000
36000,New York,2019,Financial Activities,63644,732178,138781000000,584377000000
36000,New York,2018,Leisure and Hospitality,66418,969198,32875034548,79441000000
36000,New York,2020,Leisure and Hospitality,65089,641867,23792371336,53450500000
36000,New York,2016,Professional and Business Services,108903,1298504,115719691518,196530900000
36000,New York,2017,All Industries Total,637802,9276868,655705000000,1600000000000
36000,New York,2020,Construction,50931,361821,28293967367,51928300000
36000,New York,2017,Information,12593,276506,32395549568,130073000000
36000,New York,2020,Manufacturing,16292,399337,29192844361,69768200000
36000,New York,2016,Natural Resources and Mining,2970,30257,1153994559,3223600000
36000,New York,2018,Public Administration,7393,537901,40097606333,178797400000
36000,New York,2017,Construction,50068,386615,27607561836,48224000000
34000,New Jersey,2016,Manufacturing,8890,240710,18916037027,48249600000
34000,New Jersey,2017,Public Administration,1954,202583,14132628007,62637700000
34000,New Jersey,2016,All Industries Total,262799,3953972,248217759713,581270700000
34000,New Jersey,2016,Construction,22026,155307,10666958324,21792500000
34000,New Jersey,2018,Financial Activities,19995,243786,28009905610,134930100000
34000,New Jersey,2017,Education and Health Services,35609,962221,54096603411,54616700000
34000,New Jersey,2018,Education and Health Services,39523,973736,56048915109,57307500000
34000,New Jersey,2020,Information,4056,69795,8933878330,28385000000
34000,New Jersey,2020,Leisure and Hospitality,24706,283986,8167722697,17682400000
34000,New Jersey,2018,Natural Resources and Mining,1003,12165,486373128,1106900000
34000,New Jersey,2020,Other Services,24347,114625,4727105843,8581200000
34000,New Jersey,2019,Public Administration,1957,204409,14895807430,66354100000
34000,New Jersey,2020,Public Administration,1974,198444,15111803194,10916900000
34000,New Jersey,2018,All Industries Total,268606,4043516,265769693803,612979300000
34000,New Jersey,2018,Construction,22501,160071,11620295646,23485700000
34000,New Jersey,2020,Construction,22792,154378,11993179174,21588300000
34000,New Jersey,2017,Leisure and Hospitality,23628,375545,9370186956,19802800000
34000,New Jersey,2019,Leisure and Hospitality,24650,394243,10423300004,21618300000
34000,New Jersey,2016,Other Services,26500,136758,4654163513,11233500000
34000,New Jersey,2018,Other Services,24147,136380,4985654344,12205900000
34000,New Jersey,2016,Trade Transportation and Utilities,55640,894203,47144308248,110909500000
34000,New Jersey,2017,All Industries Total,265160,4006800,256602000000,599315000000
34000,New Jersey,2017,Construction,21761,157867,11211085610,22304400000
34000,New Jersey,2020,Financial Activities,20502,236461,30187525240,142771500000
34000,New Jersey,2018,Leisure and Hospitality,24257,388419,10258615797,21321700000
34000,New Jersey,2017,Manufacturing,8962,242476,19110173115,48867500000
34000,New Jersey,2016,Natural Resources and Mining,1028,12889,462513065,1268100000
34000,New Jersey,2018,Professional and Business Services,51965,674666,61182189538,100101800000
34000,New Jersey,2017,Trade Transportation and Utilities,54778,910452,48342342135,114127000000
34000,New Jersey,2016,Financial Activities,19667,236574,25486500969,135789700000
34000,New Jersey,2017,Financial Activities,19659,241783,27009980853,139897000000
34000,New Jersey,2016,Education and Health Services,34172,949821,52501186827,52969000000
34000,New Jersey,2019,Education and Health Services,42904,987236,58358211845,60547800000
34000,New Jersey,2020,Education and Health Services,45778,920102,58873979418,56870000000
34000,New Jersey,2018,Information,3814,71637,8038824349,26404800000
34000,New Jersey,2019,Information,3816,69695,8007479719,27315700000
34000,New Jersey,2019,Natural Resources and Mining,998,12407,517776112,1328600000
34000,New Jersey,2020,Natural Resources and Mining,999,11868,529707312,1447500000
34000,New Jersey,2019,Other Services,24510,138823,5193073055,12897800000
34000,New Jersey,2018,Public Administration,1945,203299,14592016895,64539800000
48000,Texas,2016,Construction,48105,730108,44670962705,85403900000
48000,Texas,2018,Financial Activities,73911,761352,63377895199,289590100000
48000,Texas,2019,Financial Activities,76396,782497,67760160901,301277000000
48000,Texas,2019,Manufacturing,25581,908802,72473041489,241005000000
48000,Texas,2020,Manufacturing,26261,870754,70693370845,211512800000
48000,Texas,2018,Natural Resources and Mining,19763,304275,33302703204,164767800000
48000,Texas,2019,Natural Resources and Mining,19973,307800,35371776482,154621000000
48000,Texas,2020,Public Administration,9103,473097,32027077801,34655600000
48000,Texas,2016,All Industries Total,658759,11805698,641439466502,1564395000000
48000,Texas,2020,All Industries Total,737064,12070211,758879179884,1775587000000
48000,Texas,2019,Construction,53925,806887,54012440674,96410100000
48000,Texas,2018,Leisure and Hospitality,63198,1379826,30319389638,61951500000
48000,Texas,2018,Other Services,56782,336148,13267914277,35607600000
48000,Texas,2016,Public Administration,8954,449459,27136770145,175721300000
48000,Texas,2017,Construction,49989,740357,46431972946,87514200000
48000,Texas,2016,Financial Activities,68785,723586,55672118430,249488000000
48000,Texas,2017,Financial Activities,71514,745499,59743138407,260359000000
48000,Texas,2016,Manufacturing,23783,848154,62023259845,197313700000
48000,Texas,2017,Manufacturing,24280,854351,64765914457,212468000000
48000,Texas,2018,Manufacturing,24763,882330,68501029368,238565400000
48000,Texas,2020,Natural Resources and Mining,19700,249859,29254857791,82109500000
48000,Texas,2020,Other Services,58120,312260,13768874726,36569200000
48000,Texas,2017,All Industries Total,677346,12014802,670361000000,1650000000000
48000,Texas,2019,All Industries Total,714982,12590406,752828000000,1843800000000
48000,Texas,2017,Leisure and Hospitality,61184,1343276,28670173765,60344800000
48000,Texas,2017,Other Services,56242,330058,12504197238,33893300000
48000,Texas,2019,Other Services,57688,345303,14209501931,37283500000
48000,Texas,2016,Education and Health Services,87054,2775026,128211919028,112815000000
48000,Texas,2018,Education and Health Services,93189,2865555,138428485535,121234500000
48000,Texas,2018,Information,10107,211141,18025414548,67528800000
48000,Texas,2020,Information,12102,205675,20706728304,70277500000
48000,Texas,2020,Leisure and Hospitality,67209,1201265,27825726717,56773100000
48000,Texas,2016,Professional and Business Services,126046,1639644,113242562681,184226100000
48000,Texas,2018,All Industries Total,695268,12302358,710420105638,1795635000000
48000,Texas,2020,Financial Activities,79162,783352,72340681346,347212100000
48000,Texas,2016,Leisure and Hospitality,59031,1313497,27278221311,58300200000
48000,Texas,2017,Natural Resources and Mining,19582,281110,30195502559,126651000000
48000,Texas,2016,Other Services,56027,326812,11947878361,32874500000
48000,Texas,2019,Professional and Business Services,140686,1809458,139362000000,220547000000
48000,Texas,2018,Public Administration,8881,456621,29078008747,187658900000
48000,Texas,2017,Trade Transportation and Utilities,148516,2536816,128530000000,317594000000
48000,Texas,2017,Education and Health Services,90346,2827176,133580000000,117016000000
48000,Texas,2019,Education and Health Services,96855,2924684,145467000000,127248000000
48000,Texas,2017,Information,9799,209094,17303741422,62531800000
48000,Texas,2019,Information,10906,216019,19237817416,64384500000
48000,Texas,2019,Leisure and Hospitality,65492,1419856,32472585427,63501600000
48000,Texas,2017,Professional and Business Services,129950,1680908,119933000000,194809000000
48000,Texas,2016,Trade Transportation and Utilities,147417,2503134,123291296155,307393900000
48000,Texas,2018,Construction,52084,771447,50085154812,90778300000
48000,Texas,2020,Construction,55689,770072,52608477364,89986600000
48000,Texas,2020,Education and Health Services,101342,2867771,150570232189,121450900000
48000,Texas,2016,Information,9493,209177,16679217440,60073600000
48000,Texas,2016,Natural Resources and Mining,20046,279750,30976373678,100785800000
36000,New York,2019,Construction,50435,405650,30655126786,53738600000
36000,New York,2020,Education and Health Services,73689,2563596,160551974822,158595000000
36000,New York,2016,Information,12019,272550,32124008318,128947100000
36000,New York,2016,Other Services,73379,366527,14280121697,30003200000
36000,New York,2017,Public Administration,5967,488659,32465270731,162721000000
36000,New York,2019,Public Administration,7536,539190,40882231638,185077000000
36000,New York,2016,Construction,48181,374282,26291032256,46855100000
36000,New York,2017,Financial Activities,65518,727091,135597000000,526368000000
36000,New York,2017,Education and Health Services,73294,2550327,139475000000,148434000000
36000,New York,2019,Education and Health Services,72990,2702486,157807000000,166776000000
36000,New York,2019,Information,13013,284580,37946404164,147166000000
36000,New York,2016,Trade Transportation and Utilities,124653,1671589,84034266446,194206900000
36000,New York,2016,Financial Activities,64258,720306,124007826718,506695100000
36000,New York,2018,Financial Activities,64650,726083,134275104331,566988400000
36000,New York,2016,Education and Health Services,71248,2489667,131562454420,142199400000
36000,New York,2018,Education and Health Services,73176,2630128,149782426331,157941100000
36000,New York,2018,Information,12868,282750,36010525071,139004500000
36000,New York,2020,Information,14583,274343,41556751122,154603000000
36000,New York,2017,Trade Transportation and Utilities,128569,1679688,87013061380,199464000000
36000,New York,2018,Construction,50284,399629,29271962458,51672400000
36000,New York,2020,Financial Activities,64282,711249,145687568398,604247700000
36000,New York,2019,Leisure and Hospitality,65999,969935,34808795627,82761100000
36000,New York,2017,Other Services,74553,371473,15032634621,30903800000
36000,New York,2017,Professional and Business Services,111838,1329027,122610000000,208253000000
36000,New York,2016,Public Administration,5649,484258,31538327618,157840200000
36000,New York,2019,All Industries Total,643214,9542900,719201000000,1772260000000
36000,New York,2016,Leisure and Hospitality,61495,935660,29433104885,65178200000
36000,New York,2018,Manufacturing,16911,441593,29857996624,70973400000
36000,New York,2019,Manufacturing,16458,437041,30223307340,71055600000
36000,New York,2017,Natural Resources and Mining,3023,30834,1217521077,3429400000
36000,New York,2018,Natural Resources and Mining,3062,31787,1310587988,3494300000
36000,New York,2018,Other Services,73292,371926,15607457834,32434100000
36000,New York,2020,Professional and Business Services,117541,1253499,136692687139,224086800000
36000,New York,2020,Public Administration,7587,528763,41421316666,29686300000
45000,South Carolina,2016,Education and Health Services,12676,429850,19605577135,15587200000
45000,South Carolina,2017,Education and Health Services,13047,435450,20375557827,16158900000
45000,South Carolina,2019,Information,2965,29024,1848517918,7602600000
45000,South Carolina,2020,Information,3300,26886,1898497556,7462500000
45000,South Carolina,2018,Leisure and Hospitality,12902,267038,4823472299,11446300000
45000,South Carolina,2019,Leisure and Hospitality,13462,273824,5169829984,12148400000
45000,South Carolina,2017,All Industries Total,129037,2035342,89914574322,221897000000
45000,South Carolina,2019,All Industries Total,140544,2129271,98761752423,247544000000
45000,South Carolina,2016,Natural Resources and Mining,1186,12234,472052711,1406900000
45000,South Carolina,2016,Other Services,11355,51447,1642458849,5001200000
45000,South Carolina,2018,Other Services,11344,53663,1770564649,5486900000
45000,South Carolina,2018,Professional and Business Services,27050,295388,14896125602,25475300000
45000,South Carolina,2020,Professional and Business Services,30848,283673,16150855605,26094200000
45000,South Carolina,2020,Public Administration,1818,117424,5788635518,5475500000
45000,South Carolina,2017,Trade Transportation and Utilities,30306,410515,16250241461,38104500000
45000,South Carolina,2016,All Industries Total,124929,1996298,85603775160,212674600000
45000,South Carolina,2018,All Industries Total,132343,2091684,93559119095,235286900000
45000,South Carolina,2020,All Industries Total,145770,2028040,100497483432,244881700000
45000,South Carolina,2016,Construction,11134,94513,4741592395,10392800000
45000,South Carolina,2019,Financial Activities,14236,102631,6599012642,42021300000
45000,South Carolina,2017,Leisure and Hospitality,12398,257229,4620450640,10339100000
45000,South Carolina,2016,Manufacturing,5618,238103,13734204257,35090700000
45000,South Carolina,2019,Natural Resources and Mining,1345,12552,551698736,1580500000
45000,South Carolina,2017,Public Administration,1849,114483,5173147704,34530600000
45000,South Carolina,2020,Construction,13348,103647,6001832405,12433800000
45000,South Carolina,2017,Natural Resources and Mining,1230,12432,503751890,1484000000
45000,South Carolina,2017,Other Services,11505,51810,1702039189,5147800000
45000,South Carolina,2017,Professional and Business Services,25955,282600,13999934783,23950200000
45000,South Carolina,2019,Professional and Business Services,29385,300313,15770930065,26761800000
45000,South Carolina,2019,Public Administration,1795,116842,5561116241,37718800000
45000,South Carolina,2017,Construction,11635,100817,5397923663,11484500000
45000,South Carolina,2019,Construction,12956,107028,5911145115,13100200000
45000,South Carolina,2019,Education and Health Services,14232,451626,22159579141,17772400000
45000,South Carolina,2016,Leisure and Hospitality,12096,250334,4388343767,10172800000
45000,South Carolina,2018,Natural Resources and Mining,1286,12662,513271984,1612400000
45000,South Carolina,2020,Natural Resources and Mining,1375,12442,559782247,1553400000
45000,South Carolina,2016,Public Administration,1845,113326,4965229815,33689400000
45000,South Carolina,2018,Public Administration,1747,115447,5335611039,35939000000
45000,South Carolina,2018,Financial Activities,13207,101671,6258120201,39904800000
45000,South Carolina,2020,Financial Activities,15117,102451,7292703645,48441600000
45000,South Carolina,2017,Manufacturing,5908,240457,14169376267,36473800000
45000,South Carolina,2019,Manufacturing,6416,258254,15714875798,40264800000
45000,South Carolina,2019,Other Services,12157,54939,1889616434,5815900000
45000,South Carolina,2016,Trade Transportation and Utilities,29937,406988,15671458198,37055700000
45000,South Carolina,2016,Financial Activities,12181,98248,5640260898,36342000000
45000,South Carolina,2018,Education and Health Services,13434,443558,21034683888,17182500000
45000,South Carolina,2017,Information,2510,29474,1751905968,6404900000
45000,South Carolina,2018,Information,2629,30155,1809836091,7261500000
45000,South Carolina,2020,Leisure and Hospitality,13738,229804,4541804270,10308700000
45000,South Carolina,2018,Construction,12124,104324,5491006763,12398700000
45000,South Carolina,2017,Financial Activities,12695,99664,5950796495,37818300000
45000,South Carolina,2020,Education and Health Services,17088,441276,22801541319,17226800000
45000,South Carolina,2016,Information,2344,29071,1637726441,5779600000
45000,South Carolina,2018,Manufacturing,6089,249720,14863803453,38437700000
12000,Florida,2019,Leisure and Hospitality,58760,1274613,34204760741,67370000000
12000,Florida,2019,Manufacturing,20799,383956,24525932223,58881300000
12000,Florida,2017,Professional and Business Services,157065,1326290,77885984483,127012000000
12000,Florida,2019,Professional and Business Services,170493,1394818,88992232245,144740000000
12000,Florida,2019,Public Administration,4158,459576,27573157079,119321000000
12000,Florida,2017,Construction,67426,507712,25022443329,49728500000
12000,Florida,2016,Financial Activities,70644,546313,38039082129,212795300000
12000,Florida,2020,Financial Activities,81049,588813,49580279375,288044300000
12000,Florida,2019,Education and Health Services,77006,1856903,96473947822,104423000000
12000,Florida,2017,Manufacturing,20513,363137,21566256664,51673100000
12000,Florida,2020,Natural Resources and Mining,5462,71113,2682056524,7617600000
12000,Florida,2019,Other Services,56785,282542,10742225980,29302900000
12000,Florida,2016,Professional and Business Services,151850,1288121,73433239978,119509400000
12000,Florida,2016,Education and Health Services,70309,1748537,84648918936,91113600000
12000,Florida,2016,Information,10769,137979,10627134839,41507000000
12000,Florida,2018,Information,11229,140017,11331258971,41180200000
12000,Florida,2018,Leisure and Hospitality,56753,1243448,32398688533,63837500000
12000,Florida,2020,Leisure and Hospitality,59809,1021743,28493515083,61643100000
12000,Florida,2020,Manufacturing,21275,376070,25105749078,56985700000
12000,Florida,2018,Professional and Business Services,161983,1368798,83473805365,136308700000
12000,Florida,2020,Professional and Business Services,179995,1362106,93006072958,144018700000
12000,Florida,2018,Public Administration,4143,452106,26631978557,115218000000
12000,Florida,2020,Public Administration,3994,463895,29126430543,26561600000
22000,Louisiana,2017,Education and Health Services,15597,468296,19884266356,21253700000
22000,Louisiana,2017,Information,1726,26230,1358528488,4888700000
22000,Louisiana,2019,Information,1884,25776,1462846563,5156500000
22000,Louisiana,2016,Leisure and Hospitality,11676,240390,4900295031,11111800000
22000,Louisiana,2018,Leisure and Hospitality,12602,244670,5246358148,11179700000
22000,Louisiana,2018,Manufacturing,4429,135523,10283994457,52703100000
22000,Louisiana,2020,Manufacturing,4502,131446,10277179213,39915300000
22000,Louisiana,2020,Natural Resources and Mining,3144,37751,3273993784,6620700000
22000,Louisiana,2017,Construction,11063,151068,9281932805,12755000000
22000,Louisiana,2020,Financial Activities,14361,82335,5693950100,42041100000
22000,Louisiana,2019,Education and Health Services,16715,476947,21440417465,22296200000
22000,Louisiana,2018,Natural Resources and Mining,3091,43598,3674349229,13352400000
22000,Louisiana,2018,Public Administration,3355,95997,5002936955,28786800000
22000,Louisiana,2017,Trade Transportation and Utilities,31259,393324,16235247941,43032000000
22000,Louisiana,2016,Financial Activities,13656,87957,5085361253,34801100000
22000,Louisiana,2016,Education and Health Services,14914,463757,19416461244,20844200000
22000,Louisiana,2018,Education and Health Services,16071,471175,20557750619,21409600000
22000,Louisiana,2016,Information,1670,26962,1343808245,4916000000
22000,Louisiana,2018,Information,1793,26096,1424958311,4938500000
22000,Louisiana,2017,Leisure and Hospitality,12200,241745,5026831376,11311900000
22000,Louisiana,2019,Leisure and Hospitality,13095,245548,5389117430,11486800000
22000,Louisiana,2019,Manufacturing,4454,137744,10689323494,51400300000
22000,Louisiana,2019,Natural Resources and Mining,3134,44052,3868651960,12593500000
22000,Louisiana,2016,Construction,10801,143870,8540161044,12178400000
22000,Louisiana,2018,Construction,11081,156009,9915319748,13736300000
22000,Louisiana,2020,Education and Health Services,17450,460485,22136797490,21560900000
22000,Louisiana,2017,Natural Resources and Mining,3084,42251,3385487507,11336500000
22000,Louisiana,2020,Other Services,9530,42239,1741511018,4898100000
22000,Louisiana,2017,Public Administration,3359,96165,4837106317,27610300000
22000,Louisiana,2017,Financial Activities,13762,87098,5185806558,35534300000
22000,Louisiana,2019,Financial Activities,13987,86046,5452306139,38958700000
22000,Louisiana,2020,Leisure and Hospitality,13531,194241,4358533945,9290900000
22000,Louisiana,2016,Manufacturing,4478,135882,9612185671,39185700000
22000,Louisiana,2016,Professional and Business Services,23797,214819,11538013891,20824900000
22000,Louisiana,2016,Trade Transportation and Utilities,30892,398777,16180580289,42311100000
22000,Louisiana,2017,All Industries Total,130467,1907721,88709277525,238138000000
22000,Louisiana,2018,All Industries Total,131999,1921499,92455217040,253236100000
22000,Louisiana,2020,Construction,11588,125452,8164359356,13806900000
22000,Louisiana,2019,Other Services,9373,47170,1838572041,5610000000
22000,Louisiana,2018,Professional and Business Services,24851,217684,12255471638,21215200000
22000,Louisiana,2019,Professional and Business Services,25625,220800,12692870996,21833800000
22000,Louisiana,2016,All Industries Total,127995,1908398,87065802281,228086800000
22000,Louisiana,2018,Financial Activities,13891,86353,5396893754,37519900000
22000,Louisiana,2020,Information,2019,21931,1336329480,4386400000
22000,Louisiana,2017,Manufacturing,4465,134692,9779656627,43687300000
22000,Louisiana,2016,Natural Resources and Mining,3185,45411,3730528506,9447600000
22000,Louisiana,2016,Public Administration,3360,97086,4827243363,27234500000
22000,Louisiana,2019,All Industries Total,134744,1923826,94817020382,256919000000
22000,Louisiana,2020,All Industries Total,138317,1780575,92525319173,235437400000
22000,Louisiana,2019,Construction,11230,146053,9431966375,13151700000
22000,Louisiana,2016,Other Services,9270,48221,1706584089,5231400000
22000,Louisiana,2017,Other Services,9349,46688,1702952717,5291900000
22000,Louisiana,2018,Other Services,9326,46622,1765358806,5371400000
22000,Louisiana,2017,Professional and Business Services,24318,214458,11808989550,21436900000
22000,Louisiana,2020,Professional and Business Services,26583,209245,12560023891,20916500000
22000,Louisiana,2019,Public Administration,3397,97217,5143926177,29447500000
22000,Louisiana,2020,Public Administration,3408,97157,5441300537,5028200000
48000,Texas,2018,Professional and Business Services,134747,1751043,130048627016,208414200000
48000,Texas,2020,Professional and Business Services,147383,1774996,143628911911,224640000000
48000,Texas,2017,Public Administration,8974,453435,28147968955,181314000000
48000,Texas,2019,Public Administration,8994,461767,30038783143,195240000000
45000,South Carolina,2020,Other Services,10282,49738,1895936206,6133400000
45000,South Carolina,2016,Professional and Business Services,24562,271848,13088305652,22156300000
45000,South Carolina,2020,Manufacturing,6657,244397,15098757668,35730800000
